date,ticker,broker_code,net_value
2026-04-28,ACES,AK,2982492200.0
2026-04-28,ACES,YP,1373417200.0
2026-04-28,ACES,CP,939050600.0
2026-04-28,ACES,KK,697510200.0
2026-04-28,ACES,BK,448303200.0
2026-04-28,ACES,FS,98250000.0
2026-04-28,ACES,TP,59644000.0
2026-04-28,ACES,LS,36800000.0
2026-04-28,ACES,AG,29478600.0
2026-04-28,ACES,XA,26895400.0
2026-04-28,ACES,AI,24474000.0
2026-04-28,ACES,BQ,22709000.0
2026-04-28,ACES,ZP,6553200.0
2026-04-28,ACES,HD,147200.0
2026-04-28,ACES,YU,-436008600.0
2026-04-28,ACES,DR,-10427800.0
2026-04-28,ACES,GI,-36800.0
2026-04-28,ADRO,BK,45201261000.0
2026-04-28,ADRO,YP,5022734000.0
2026-04-28,ADRO,TP,4060894000.0
2026-04-28,ADRO,DR,2175859000.0
2026-04-28,ADRO,AG,17838000.0
2026-04-28,ADRO,DU,6027000.0
2026-04-28,ADRO,FS,4106000.0
2026-04-28,ADRO,GI,1210000.0
2026-04-28,ADRO,RB,969000.0
2026-04-28,ADRO,AK,-20247923000.0
2026-04-28,ADRO,ZP,-16490756000.0
2026-04-28,ADRO,KK,-3267730000.0
2026-04-28,ADRO,BQ,-3196039000.0
2026-04-28,ADRO,XA,-1432015000.0
2026-04-28,ADRO,LS,-1211859000.0
2026-04-28,ADRO,CP,-839612000.0
2026-04-28,ADRO,KZ,-784154000.0
2026-04-28,ADRO,YU,-264451000.0
2026-04-28,ADRO,AI,-127464000.0
2026-04-28,ADRO,HD,-24300000.0
2026-04-28,AKRA,KK,267143000.0
2026-04-28,AKRA,TP,182949500.0
2026-04-28,AKRA,LS,75658000.0
2026-04-28,AKRA,HD,72630000.0
2026-04-28,AKRA,YP,22945000.0
2026-04-28,AKRA,XA,9361500.0
2026-04-28,AKRA,AI,9340000.0
2026-04-28,AKRA,DR,3544000.0
2026-04-28,AKRA,FS,3060000.0
2026-04-28,AKRA,BK,-2741215000.0
2026-04-28,AKRA,AK,-1155805000.0
2026-04-28,AKRA,ZP,-704767000.0
2026-04-28,AKRA,KZ,-212160000.0
2026-04-28,AKRA,CP,-31881500.0
2026-04-28,AKRA,BQ,-29812000.0
2026-04-28,AKRA,AG,-15710000.0
2026-04-28,AKRA,YU,-10968500.0
2026-04-28,AMMN,YP,4340750000.0
2026-04-28,AMMN,AG,2779247500.0
2026-04-28,AMMN,CP,2472467500.0
2026-04-28,AMMN,BQ,1079462500.0
2026-04-28,AMMN,KK,824002500.0
2026-04-28,AMMN,DR,502920000.0
2026-04-28,AMMN,TP,233295000.0
2026-04-28,AMMN,AI,161762500.0
2026-04-28,AMMN,XA,131705000.0
2026-04-28,AMMN,FS,57437500.0
2026-04-28,AMMN,LS,3667500.0
2026-04-28,AMMN,RB,527500.0
2026-04-28,AMMN,ZP,-16376175000.0
2026-04-28,AMMN,YU,-5480310000.0
2026-04-28,AMMN,AK,-3729507500.0
2026-04-28,AMMN,RX,-3575982500.0
2026-04-28,AMMN,BK,-2976407500.0
2026-04-28,AMMN,KZ,-504387500.0
2026-04-28,AMMN,HD,-36500000.0
2026-04-28,AMRT,KK,3930595500.0
2026-04-28,AMRT,YP,3360071500.0
2026-04-28,AMRT,DR,2079160500.0
2026-04-28,AMRT,KZ,1703095500.0
2026-04-28,AMRT,BQ,1419916500.0
2026-04-28,AMRT,CP,387631500.0
2026-04-28,AMRT,TP,346106000.0
2026-04-28,AMRT,XA,104599000.0
2026-04-28,AMRT,AI,79099500.0
2026-04-28,AMRT,AG,3584500.0
2026-04-28,AMRT,FS,2465000.0
2026-04-28,AMRT,RB,1370000.0
2026-04-28,AMRT,ZP,-6413428500.0
2026-04-28,AMRT,AK,-3716262000.0
2026-04-28,AMRT,BK,-973789000.0
2026-04-28,AMRT,RX,-897075000.0
2026-04-28,AMRT,YU,-277425500.0
2026-04-28,AMRT,HD,-38793000.0
2026-04-28,ANTM,DR,15964274000.0
2026-04-28,ANTM,RX,15738600000.0
2026-04-28,ANTM,YP,15097247000.0
2026-04-28,ANTM,KK,11071232000.0
2026-04-28,ANTM,AI,8723153000.0
2026-04-28,ANTM,FS,1546627000.0
2026-04-28,ANTM,BQ,1124746000.0
2026-04-28,ANTM,HD,812822000.0
2026-04-28,ANTM,LS,694413000.0
2026-04-28,ANTM,AG,59563000.0
2026-04-28,ANTM,AH,37400000.0
2026-04-28,ANTM,RB,811000.0
2026-04-28,ANTM,AK,-76470256000.0
2026-04-28,ANTM,ZP,-28703477000.0
2026-04-28,ANTM,KZ,-27934137000.0
2026-04-28,ANTM,YU,-9127055000.0
2026-04-28,ANTM,BK,-6728234000.0
2026-04-28,ANTM,TP,-6716396000.0
2026-04-28,ANTM,XA,-6470290000.0
2026-04-28,ANTM,CP,-1667844000.0
2026-04-28,ANTM,GI,-4100000.0
2026-04-28,ASII,BK,29216117500.0
2026-04-28,ASII,AK,10455965000.0
2026-04-28,ASII,YP,8799602500.0
2026-04-28,ASII,DR,2216715000.0
2026-04-28,ASII,KK,447807500.0
2026-04-28,ASII,TP,390915000.0
2026-04-28,ASII,XA,286620000.0
2026-04-28,ASII,AI,223122500.0
2026-04-28,ASII,LS,30727500.0
2026-04-28,ASII,RB,2420000.0
2026-04-28,ASII,YU,-26586497500.0
2026-04-28,ASII,RX,-10849797500.0
2026-04-28,ASII,ZP,-8475562500.0
2026-04-28,ASII,AG,-6293795000.0
2026-04-28,ASII,KZ,-3631067500.0
2026-04-28,ASII,HD,-498632500.0
2026-04-28,ASII,CP,-51105000.0
2026-04-28,ASII,BQ,-6842500.0
2026-04-28,BBCA,RX,157038997500.0
2026-04-28,BBCA,AG,52858010000.0
2026-04-28,BBCA,YU,22183750000.0
2026-04-28,BBCA,KK,18762365000.0
2026-04-28,BBCA,YP,10300802500.0
2026-04-28,BBCA,DR,6197540000.0
2026-04-28,BBCA,XA,4261800000.0
2026-04-28,BBCA,LS,4197540000.0
2026-04-28,BBCA,AI,2726590000.0
2026-04-28,BBCA,CP,1753865000.0
2026-04-28,BBCA,HD,464030000.0
2026-04-28,BBCA,BQ,255057500.0
2026-04-28,BBCA,FS,176967500.0
2026-04-28,BBCA,KZ,-258242475000.0
2026-04-28,BBCA,AK,-78891410000.0
2026-04-28,BBCA,BK,-44169887500.0
2026-04-28,BBCA,TP,-6327717500.0
2026-04-28,BBCA,ZP,-3934130000.0
2026-04-28,BBNI,ZP,27322058000.0
2026-04-28,BBNI,RX,19723959000.0
2026-04-28,BBNI,AK,3679034000.0
2026-04-28,BBNI,TP,2031017000.0
2026-04-28,BBNI,LS,183374000.0
2026-04-28,BBNI,DR,46633000.0
2026-04-28,BBNI,KZ,-8114507000.0
2026-04-28,BBNI,BQ,-6131908000.0
2026-04-28,BBNI,YU,-3826846000.0
2026-04-28,BBNI,KK,-3521981000.0
2026-04-28,BBNI,AG,-2279936000.0
2026-04-28,BBNI,YP,-1316108000.0
2026-04-28,BBNI,BK,-1168451000.0
2026-04-28,BBNI,AI,-692686000.0
2026-04-28,BBNI,CP,-318104000.0
2026-04-28,BBNI,HD,-21511000.0
2026-04-28,BBNI,FS,-19389000.0
2026-04-28,BBNI,XA,-1402000.0
2026-04-28,BBRI,YU,40257833000.0
2026-04-28,BBRI,AK,38549898000.0
2026-04-28,BBRI,BK,36681271000.0
2026-04-28,BBRI,YP,28158237000.0
2026-04-28,BBRI,AG,7884602000.0
2026-04-28,BBRI,RX,6805693000.0
2026-04-28,BBRI,KK,4864390000.0
2026-04-28,BBRI,DR,1426181000.0
2026-04-28,BBRI,LS,1292680000.0
2026-04-28,BBRI,CP,1223189000.0
2026-04-28,BBRI,HD,947198000.0
2026-04-28,BBRI,XA,771110000.0
2026-04-28,BBRI,AI,236813000.0
2026-04-28,BBRI,FS,107371000.0
2026-04-28,BBRI,ZP,-138693349000.0
2026-04-28,BBRI,KZ,-114619006000.0
2026-04-28,BBRI,TP,-21253882000.0
2026-04-28,BBRI,BQ,-4397512000.0
2026-04-28,BBTN,RX,265329000.0
2026-04-28,BBTN,DR,159025000.0
2026-04-28,BBTN,YU,93858000.0
2026-04-28,BBTN,BQ,16263000.0
2026-04-28,BBTN,TP,11413500.0
2026-04-28,BBTN,CP,8840500.0
2026-04-28,BBTN,XA,1404500.0
2026-04-28,BBTN,FS,682500.0
2026-04-28,BBTN,BK,-2743384000.0
2026-04-28,BBTN,ZP,-2664512500.0
2026-04-28,BBTN,AK,-1671266000.0
2026-04-28,BBTN,YP,-1153868000.0
2026-04-28,BBTN,KK,-651435500.0
2026-04-28,BBTN,DP,-418500000.0
2026-04-28,BBTN,AG,-281677500.0
2026-04-28,BBTN,AI,-77960000.0
2026-04-28,BBTN,HD,-4947000.0
2026-04-28,BBTN,DU,-4185000.0
2026-04-28,BFIN,RX,4686655500.0
2026-04-28,BFIN,AK,1570240500.0
2026-04-28,BFIN,AI,1276845000.0
2026-04-28,BFIN,KK,377028500.0
2026-04-28,BFIN,BK,253714000.0
2026-04-28,BFIN,BQ,223706000.0
2026-04-28,BFIN,YU,-10882004000.0
2026-04-28,BFIN,YP,-1350120500.0
2026-04-28,BFIN,HD,-648695500.0
2026-04-28,BFIN,CP,-587853000.0
2026-04-28,BFIN,ZP,-483165500.0
2026-04-28,BFIN,DR,-381429500.0
2026-04-28,BFIN,XA,-151511000.0
2026-04-28,BFIN,AG,-45290000.0
2026-04-28,BFIN,TP,-4860000.0
2026-04-28,BFIN,FS,-810000.0
2026-04-28,BMRI,AK,85105433000.0
2026-04-28,BMRI,BK,33284657000.0
2026-04-28,BMRI,YP,28827663000.0
2026-04-28,BMRI,TP,12602866000.0
2026-04-28,BMRI,CP,7894983000.0
2026-04-28,BMRI,DR,7245841000.0
2026-04-28,BMRI,BQ,5751639000.0
2026-04-28,BMRI,KK,3398511000.0
2026-04-28,BMRI,HD,1245068000.0
2026-04-28,BMRI,AI,844019000.0
2026-04-28,BMRI,XA,586126000.0
2026-04-28,BMRI,LS,32566000.0
2026-04-28,BMRI,DU,8760000.0
2026-04-28,BMRI,RX,-164639744000.0
2026-04-28,BMRI,ZP,-131987750000.0
2026-04-28,BMRI,YU,-84848635000.0
2026-04-28,BMRI,AG,-55851967000.0
2026-04-28,BMRI,FS,-8831160000.0
2026-04-28,BMRI,KZ,-3110695000.0
2026-04-28,BMRI,RB,-66083000.0
2026-04-28,BRPT,YP,4819604000.0
2026-04-28,BRPT,BK,4794463000.0
2026-04-28,BRPT,BQ,1571547000.0
2026-04-28,BRPT,TP,1358010000.0
2026-04-28,BRPT,CP,1302332500.0
2026-04-28,BRPT,RX,1037964000.0
2026-04-28,BRPT,AI,717815000.0
2026-04-28,BRPT,LS,280808500.0
2026-04-28,BRPT,AG,151563000.0
2026-04-28,BRPT,HD,49101000.0
2026-04-28,BRPT,DU,1200000.0
2026-04-28,BRPT,RB,198500.0
2026-04-28,BRPT,ZP,-13910665000.0
2026-04-28,BRPT,AK,-9830727000.0
2026-04-28,BRPT,KZ,-1679390500.0
2026-04-28,BRPT,KK,-1504705000.0
2026-04-28,BRPT,XA,-644028500.0
2026-04-28,BRPT,DR,-400852500.0
2026-04-28,BRPT,FS,-238100000.0
2026-04-28,BRPT,YU,-98854000.0
2026-04-28,BUKA,BK,3304014100.0
2026-04-28,BUKA,YU,273658700.0
2026-04-28,BUKA,CP,247647900.0
2026-04-28,BUKA,AG,80195000.0
2026-04-28,BUKA,TP,54385100.0
2026-04-28,BUKA,YP,43650900.0
2026-04-28,BUKA,GI,31800.0
2026-04-28,BUKA,AI,30000.0
2026-04-28,BUKA,AK,-5200486200.0
2026-04-28,BUKA,ZP,-4740763200.0
2026-04-28,BUKA,HD,-104406400.0
2026-04-28,BUKA,DR,-90735100.0
2026-04-28,BUKA,XA,-72431000.0
2026-04-28,BUKA,BQ,-40547800.0
2026-04-28,BUKA,KK,-22489200.0
2026-04-28,BUKA,FS,-16200.0
2026-04-28,CPIN,AK,5110839000.0
2026-04-28,CPIN,KZ,128426000.0
2026-04-28,CPIN,YP,103432000.0
2026-04-28,CPIN,CP,65965000.0
2026-04-28,CPIN,TP,10130000.0
2026-04-28,CPIN,HD,6807000.0
2026-04-28,CPIN,BQ,3623000.0
2026-04-28,CPIN,FS,2010000.0
2026-04-28,CPIN,RX,-1146091000.0
2026-04-28,CPIN,BK,-828794000.0
2026-04-28,CPIN,KK,-375985000.0
2026-04-28,CPIN,DR,-170080000.0
2026-04-28,CPIN,YU,-167632000.0
2026-04-28,CPIN,AG,-130592000.0
2026-04-28,CPIN,ZP,-104424000.0
2026-04-28,CPIN,LS,-81399000.0
2026-04-28,CPIN,XA,-2540000.0
2026-04-28,CTRA,YU,273485000.0
2026-04-28,CTRA,KK,9844500.0
2026-04-28,CTRA,LS,9196000.0
2026-04-28,CTRA,CP,6391000.0
2026-04-28,CTRA,XA,2982000.0
2026-04-28,CTRA,AG,1270000.0
2026-04-28,CTRA,AI,-660694500.0
2026-04-28,CTRA,BK,-518413000.0
2026-04-28,CTRA,ZP,-234012000.0
2026-04-28,CTRA,AK,-120726500.0
2026-04-28,CTRA,BQ,-69930000.0
2026-04-28,CTRA,DR,-32960000.0
2026-04-28,CTRA,YP,-12569500.0
2026-04-28,CTRA,TP,-7048000.0
2026-04-28,CTRA,HD,-5950000.0
2026-04-28,ESSA,AK,5232646000.0
2026-04-28,ESSA,XA,4490484000.0
2026-04-28,ESSA,BK,791499000.0
2026-04-28,ESSA,KK,386782000.0
2026-04-28,ESSA,YU,219825500.0
2026-04-28,ESSA,AG,4759000.0
2026-04-28,ESSA,YP,-3177972000.0
2026-04-28,ESSA,CP,-2873213000.0
2026-04-28,ESSA,ZP,-2079727500.0
2026-04-28,ESSA,HD,-1320220000.0
2026-04-28,ESSA,KZ,-884933500.0
2026-04-28,ESSA,DR,-621082500.0
2026-04-28,ESSA,AI,-400987000.0
2026-04-28,ESSA,BQ,-89541500.0
2026-04-28,ESSA,LS,-19100000.0
2026-04-28,ESSA,TP,-17735000.0
2026-04-28,EXCL,YU,712051000.0
2026-04-28,EXCL,YP,471072000.0
2026-04-28,EXCL,CP,201605000.0
2026-04-28,EXCL,DR,135503000.0
2026-04-28,EXCL,KK,74948000.0
2026-04-28,EXCL,AI,53946000.0
2026-04-28,EXCL,HD,35956000.0
2026-04-28,EXCL,XA,16173000.0
2026-04-28,EXCL,TP,4875000.0
2026-04-28,EXCL,ZP,-1280181000.0
2026-04-28,EXCL,KZ,-859434000.0
2026-04-28,EXCL,AK,-487054000.0
2026-04-28,EXCL,RX,-456938000.0
2026-04-28,EXCL,AG,-221673000.0
2026-04-28,EXCL,BQ,-69202000.0
2026-04-28,EXCL,FS,-800000.0
2026-04-28,EXCL,BK,-335000.0
2026-04-28,GGRM,YP,7443162500.0
2026-04-28,GGRM,AK,5916945000.0
2026-04-28,GGRM,BK,2280802500.0
2026-04-28,GGRM,ZP,1690510000.0
2026-04-28,GGRM,XA,302865000.0
2026-04-28,GGRM,AG,162052500.0
2026-04-28,GGRM,HD,59767500.0
2026-04-28,GGRM,AI,-3779020000.0
2026-04-28,GGRM,DR,-1935360000.0
2026-04-28,GGRM,YU,-1805370000.0
2026-04-28,GGRM,KK,-469980000.0
2026-04-28,GGRM,CP,-397820000.0
2026-04-28,GGRM,BQ,-305957500.0
2026-04-28,GGRM,TP,-220280000.0
2026-04-28,GGRM,LS,-48782500.0
2026-04-28,GOTO,RX,11237842900.0
2026-04-28,GOTO,DR,2800589100.0
2026-04-28,GOTO,DP,2360000000.0
2026-04-28,GOTO,CP,477386400.0
2026-04-28,GOTO,XA,102498700.0
2026-04-28,GOTO,YU,39511200.0
2026-04-28,GOTO,AI,27992900.0
2026-04-28,GOTO,HD,7462700.0
2026-04-28,GOTO,LS,2650000.0
2026-04-28,GOTO,GI,53900.0
2026-04-28,GOTO,TP,21300.0
2026-04-28,GOTO,DU,15900.0
2026-04-28,GOTO,ZP,-4507478600.0
2026-04-28,GOTO,BK,-3778534300.0
2026-04-28,GOTO,YP,-1239864200.0
2026-04-28,GOTO,AK,-902190300.0
2026-04-28,GOTO,KZ,-388776200.0
2026-04-28,GOTO,KK,-361838800.0
2026-04-28,GOTO,BQ,-269888100.0
2026-04-28,GOTO,AG,-5277900.0
2026-04-28,HRUM,ZP,1975759500.0
2026-04-28,HRUM,CP,165742500.0
2026-04-28,HRUM,AI,72164000.0
2026-04-28,HRUM,XA,16755000.0
2026-04-28,HRUM,HD,5979500.0
2026-04-28,HRUM,RB,1005000.0
2026-04-28,HRUM,AK,-370434500.0
2026-04-28,HRUM,YP,-348991000.0
2026-04-28,HRUM,YU,-286773500.0
2026-04-28,HRUM,DR,-254460500.0
2026-04-28,HRUM,LS,-247563000.0
2026-04-28,HRUM,BQ,-108868000.0
2026-04-28,HRUM,KK,-89019000.0
2026-04-28,HRUM,TP,-38890000.0
2026-04-28,HRUM,BK,-13834500.0
2026-04-28,HRUM,AG,-2512500.0
2026-04-28,HRUM,FS,-1010000.0
2026-04-28,ICBP,YP,4250555000.0
2026-04-28,ICBP,KK,611140000.0
2026-04-28,ICBP,XA,279040000.0
2026-04-28,ICBP,DR,80717500.0
2026-04-28,ICBP,CP,76610000.0
2026-04-28,ICBP,BQ,36265000.0
2026-04-28,ICBP,FS,6800000.0
2026-04-28,ICBP,AI,3400000.0
2026-04-28,ICBP,TP,2810000.0
2026-04-28,ICBP,ZP,-6534312500.0
2026-04-28,ICBP,AK,-4002727500.0
2026-04-28,ICBP,RX,-1338202500.0
2026-04-28,ICBP,YU,-431032500.0
2026-04-28,ICBP,KZ,-301702500.0
2026-04-28,ICBP,BK,-133782500.0
2026-04-28,ICBP,HD,-43457500.0
2026-04-28,ICBP,AG,-43227500.0
2026-04-28,ICBP,LS,-742500.0
2026-04-28,INCO,ZP,72401542500.0
2026-04-28,INCO,KZ,8103952500.0
2026-04-28,INCO,YP,128787500.0
2026-04-28,INCO,BQ,60357500.0
2026-04-28,INCO,AI,17062500.0
2026-04-28,INCO,XA,5065000.0
2026-04-28,INCO,LS,1420000.0
2026-04-28,INCO,AK,-16508530000.0
2026-04-28,INCO,YU,-13409425000.0
2026-04-28,INCO,DR,-5100977500.0
2026-04-28,INCO,BK,-2425850000.0
2026-04-28,INCO,HD,-973432500.0
2026-04-28,INCO,CP,-533050000.0
2026-04-28,INCO,KK,-222167500.0
2026-04-28,INCO,RX,-138465000.0
2026-04-28,INCO,AG,-104762500.0
2026-04-28,INCO,TP,-72352500.0
2026-04-28,INDF,YU,10720110000.0
2026-04-28,INDF,KZ,8291710000.0
2026-04-28,INDF,AG,4606225000.0
2026-04-28,INDF,AK,3613540000.0
2026-04-28,INDF,XA,19225000.0
2026-04-28,INDF,DR,5412500.0
2026-04-28,INDF,YP,-8730452500.0
2026-04-28,INDF,ZP,-5324015000.0
2026-04-28,INDF,RX,-1662172500.0
2026-04-28,INDF,KK,-875512500.0
2026-04-28,INDF,CP,-812532500.0
2026-04-28,INDF,BK,-564700000.0
2026-04-28,INDF,BQ,-410180000.0
2026-04-28,INDF,TP,-119427500.0
2026-04-28,INDF,HD,-16127500.0
2026-04-28,INKP,KK,1839267500.0
2026-04-28,INKP,BQ,478290000.0
2026-04-28,INKP,YP,212280000.0
2026-04-28,INKP,DR,170545000.0
2026-04-28,INKP,AI,24250000.0
2026-04-28,INKP,AG,6042500.0
2026-04-28,INKP,LS,2940000.0
2026-04-28,INKP,ZP,-5041980000.0
2026-04-28,INKP,AK,-3095985000.0
2026-04-28,INKP,KZ,-1142315000.0
2026-04-28,INKP,YU,-940945000.0
2026-04-28,INKP,TP,-865012500.0
2026-04-28,INKP,BK,-514282500.0
2026-04-28,INKP,CP,-99202500.0
2026-04-28,INKP,XA,-92817500.0
2026-04-28,INKP,HD,-36905000.0
2026-04-28,INTP,AK,245845000.0
2026-04-28,INTP,AG,161777500.0
2026-04-28,INTP,DR,97045000.0
2026-04-28,INTP,KK,75645000.0
2026-04-28,INTP,TP,53550000.0
2026-04-28,INTP,CP,43645000.0
2026-04-28,INTP,YU,38180000.0
2026-04-28,INTP,FS,17925000.0
2026-04-28,INTP,XA,5680000.0
2026-04-28,INTP,BK,3010000.0
2026-04-28,INTP,LS,2060000.0
2026-04-28,INTP,BQ,2045000.0
2026-04-28,INTP,YP,-340752500.0
2026-04-28,INTP,ZP,-336522500.0
2026-04-28,INTP,HD,-9832500.0
2026-04-28,ITMG,AK,18690537500.0
2026-04-28,ITMG,YU,3319847500.0
2026-04-28,ITMG,AG,651107500.0
2026-04-28,ITMG,BK,407655000.0
2026-04-28,ITMG,ZP,347477500.0
2026-04-28,ITMG,HD,134182500.0
2026-04-28,ITMG,TP,110470000.0
2026-04-28,ITMG,XA,70175000.0
2026-04-28,ITMG,CP,-1352650000.0
2026-04-28,ITMG,DR,-1171607500.0
2026-04-28,ITMG,KK,-1166867500.0
2026-04-28,ITMG,YP,-457852500.0
2026-04-28,ITMG,BQ,-261657500.0
2026-04-28,ITMG,AI,-153095000.0
2026-04-28,ITMG,LS,-25200000.0
2026-04-28,JPFA,AK,4366651000.0
2026-04-28,JPFA,BK,2150224000.0
2026-04-28,JPFA,AG,1928308000.0
2026-04-28,JPFA,CP,797105000.0
2026-04-28,JPFA,KK,582792000.0
2026-04-28,JPFA,DR,268216000.0
2026-04-28,JPFA,AI,122035000.0
2026-04-28,JPFA,KZ,66740000.0
2026-04-28,JPFA,TP,56535000.0
2026-04-28,JPFA,XA,44331000.0
2026-04-28,JPFA,BQ,11706000.0
2026-04-28,JPFA,LS,4232000.0
2026-04-28,JPFA,ZP,-6768273000.0
2026-04-28,JPFA,YP,-2479352000.0
2026-04-28,JPFA,YU,-956873000.0
2026-04-28,JPFA,HD,-18394000.0
2026-04-28,KLBF,ZP,10280938500.0
2026-04-28,KLBF,AK,5917998000.0
2026-04-28,KLBF,BK,4618010000.0
2026-04-28,KLBF,YP,1021824500.0
2026-04-28,KLBF,LS,561937500.0
2026-04-28,KLBF,TP,528759000.0
2026-04-28,KLBF,KK,138645500.0
2026-04-28,KLBF,HD,22497000.0
2026-04-28,KLBF,DR,19383000.0
2026-04-28,KLBF,AG,17433000.0
2026-04-28,KLBF,GI,175000.0
2026-04-28,KLBF,YU,-14931372500.0
2026-04-28,KLBF,KZ,-8508556500.0
2026-04-28,KLBF,RX,-1390280000.0
2026-04-28,KLBF,BQ,-69133500.0
2026-04-28,KLBF,XA,-59817000.0
2026-04-28,KLBF,CP,-35510000.0
2026-04-28,KLBF,AI,-8561000.0
2026-04-28,MAPA,ZP,3445706000.0
2026-04-28,MAPA,BK,599356500.0
2026-04-28,MAPA,AK,556269000.0
2026-04-28,MAPA,YP,456059500.0
2026-04-28,MAPA,DR,59845000.0
2026-04-28,MAPA,BQ,24338000.0
2026-04-28,MAPA,XA,14930000.0
2026-04-28,MAPA,CP,5687500.0
2026-04-28,MAPA,YU,-2212476000.0
2026-04-28,MAPA,AI,-514262000.0
2026-04-28,MAPA,KK,-19736000.0
2026-04-28,MAPA,HD,-19735000.0
2026-04-28,MAPI,RX,7968740000.0
2026-04-28,MAPI,BK,2949737000.0
2026-04-28,MAPI,ZP,1337570500.0
2026-04-28,MAPI,HD,734844000.0
2026-04-28,MAPI,BQ,579337500.0
2026-04-28,MAPI,TP,366964000.0
2026-04-28,MAPI,KK,28696000.0
2026-04-28,MAPI,DR,14390000.0
2026-04-28,MAPI,XA,899500.0
2026-04-28,MAPI,AI,200000.0
2026-04-28,MAPI,YU,-6766568000.0
2026-04-28,MAPI,AK,-5856430500.0
2026-04-28,MAPI,KZ,-703773500.0
2026-04-28,MAPI,YP,-105593000.0
2026-04-28,MAPI,CP,-51976000.0
2026-04-28,MBMA,YU,11307210000.0
2026-04-28,MBMA,YP,2634347000.0
2026-04-28,MBMA,AK,2289929500.0
2026-04-28,MBMA,DR,1142973500.0
2026-04-28,MBMA,ZP,486979000.0
2026-04-28,MBMA,FS,202500000.0
2026-04-28,MBMA,XA,113577000.0
2026-04-28,MBMA,LS,79076500.0
2026-04-28,MBMA,HD,59158500.0
2026-04-28,MBMA,KK,36916500.0
2026-04-28,MBMA,DU,500000.0
2026-04-28,MBMA,BK,-4366989500.0
2026-04-28,MBMA,CP,-584804000.0
2026-04-28,MBMA,AG,-386116000.0
2026-04-28,MBMA,KZ,-337914500.0
2026-04-28,MBMA,TP,-257837000.0
2026-04-28,MBMA,AI,-32577500.0
2026-04-28,MBMA,BQ,-21671500.0
2026-04-28,MDKA,ZP,16353476000.0
2026-04-28,MDKA,YU,4203893000.0
2026-04-28,MDKA,KZ,2336845000.0
2026-04-28,MDKA,CP,1032733000.0
2026-04-28,MDKA,YP,322787000.0
2026-04-28,MDKA,BQ,205714000.0
2026-04-28,MDKA,AG,175627000.0
2026-04-28,MDKA,LS,157304000.0
2026-04-28,MDKA,XA,58201000.0
2026-04-28,MDKA,RB,341000.0
2026-04-28,MDKA,AK,-25612779000.0
2026-04-28,MDKA,BK,-2481090000.0
2026-04-28,MDKA,TP,-1878447000.0
2026-04-28,MDKA,KK,-341879000.0
2026-04-28,MDKA,AI,-305602000.0
2026-04-28,MDKA,RX,-226867000.0
2026-04-28,MDKA,HD,-143303000.0
2026-04-28,MDKA,DR,-98971000.0
2026-04-28,MEDC,YU,5418221500.0
2026-04-28,MEDC,KK,5257819500.0
2026-04-28,MEDC,KZ,3846067000.0
2026-04-28,MEDC,XA,2167619000.0
2026-04-28,MEDC,HD,898703000.0
2026-04-28,MEDC,CP,763598000.0
2026-04-28,MEDC,AI,183370500.0
2026-04-28,MEDC,FS,52050000.0
2026-04-28,MEDC,LS,5430000.0
2026-04-28,MEDC,DU,1000.0
2026-04-28,MEDC,AK,-12402447000.0
2026-04-28,MEDC,ZP,-4266517500.0
2026-04-28,MEDC,DP,-4060565000.0
2026-04-28,MEDC,BK,-2449341500.0
2026-04-28,MEDC,YP,-1957232000.0
2026-04-28,MEDC,RX,-1566116500.0
2026-04-28,MEDC,TP,-951710000.0
2026-04-28,MEDC,DR,-515278000.0
2026-04-28,MEDC,BQ,-85565500.0
2026-04-28,MEDC,AG,-3251500.0
2026-04-28,MIKA,YP,259057500.0
2026-04-28,MIKA,DR,50289500.0
2026-04-28,MIKA,BQ,48682500.0
2026-04-28,MIKA,KK,15781000.0
2026-04-28,MIKA,TP,5866500.0
2026-04-28,MIKA,FS,4010000.0
2026-04-28,MIKA,YU,987500.0
2026-04-28,MIKA,RX,-1023224000.0
2026-04-28,MIKA,AK,-562009500.0
2026-04-28,MIKA,BK,-399018500.0
2026-04-28,MIKA,CP,-38817500.0
2026-04-28,MIKA,ZP,-30829500.0
2026-04-28,MIKA,AG,-16735000.0
2026-04-28,MIKA,HD,-4242000.0
2026-04-28,PGAS,BK,5137859000.0
2026-04-28,PGAS,DR,1483731500.0
2026-04-28,PGAS,YP,365674000.0
2026-04-28,PGAS,BQ,127838500.0
2026-04-28,PGAS,XA,110234500.0
2026-04-28,PGAS,KZ,108966000.0
2026-04-28,PGAS,YU,-2013623500.0
2026-04-28,PGAS,AK,-1503575500.0
2026-04-28,PGAS,AG,-987855000.0
2026-04-28,PGAS,ZP,-978085000.0
2026-04-28,PGAS,CP,-399469000.0
2026-04-28,PGAS,KK,-151621000.0
2026-04-28,PGAS,RX,-131254500.0
2026-04-28,PGAS,TP,-98412000.0
2026-04-28,PGAS,HD,-90206000.0
2026-04-28,PGAS,AI,-72392000.0
2026-04-28,PGAS,FS,-2865000.0
2026-04-28,PGEO,ZP,533487000.0
2026-04-28,PGEO,HD,232327000.0
2026-04-28,PGEO,TP,93140000.0
2026-04-28,PGEO,DR,76027000.0
2026-04-28,PGEO,KZ,25932500.0
2026-04-28,PGEO,RX,-2299127000.0
2026-04-28,PGEO,YP,-671393000.0
2026-04-28,PGEO,AI,-526890000.0
2026-04-28,PGEO,BK,-314978000.0
2026-04-28,PGEO,AK,-211679000.0
2026-04-28,PGEO,KK,-166688500.0
2026-04-28,PGEO,XA,-62726500.0
2026-04-28,PGEO,BQ,-41179000.0
2026-04-28,PGEO,CP,-36156500.0
2026-04-28,PGEO,YU,-35042500.0
2026-04-28,PGEO,RB,-29638000.0
2026-04-28,PGEO,AG,-4622000.0
2026-04-28,PGEO,LS,-3707000.0
2026-04-28,SMGR,YU,3413870000.0
2026-04-28,SMGR,YP,2480219000.0
2026-04-28,SMGR,KK,1378430000.0
2026-04-28,SMGR,BK,801901000.0
2026-04-28,SMGR,AG,589782000.0
2026-04-28,SMGR,CP,436528000.0
2026-04-28,SMGR,AK,281060000.0
2026-04-28,SMGR,TP,188198000.0
2026-04-28,SMGR,DR,117983000.0
2026-04-28,SMGR,BQ,111131000.0
2026-04-28,SMGR,AI,40600000.0
2026-04-28,SMGR,XA,11820000.0
2026-04-28,SMGR,LS,9110000.0
2026-04-28,SMGR,RX,-12362711000.0
2026-04-28,SMGR,ZP,-2013090000.0
2026-04-28,SMGR,HD,-7578000.0
2026-04-28,SMGR,FS,-4000000.0
2026-04-28,TBIG,DR,101408000.0
2026-04-28,TBIG,AG,69525000.0
2026-04-28,TBIG,YU,18383000.0
2026-04-28,TBIG,CP,16065500.0
2026-04-28,TBIG,KZ,-9300000000.0
2026-04-28,TBIG,DP,-3961620500.0
2026-04-28,TBIG,AK,-1634823000.0
2026-04-28,TBIG,YP,-50879500.0
2026-04-28,TBIG,TP,-23748000.0
2026-04-28,TBIG,BQ,-20357000.0
2026-04-28,TBIG,ZP,-17184000.0
2026-04-28,TBIG,BK,-16239500.0
2026-04-28,TBIG,HD,-1827000.0
2026-04-28,TBIG,KK,-1730000.0
2026-04-28,TBIG,XA,-1726500.0
2026-04-28,TINS,CP,2864377000.0
2026-04-28,TINS,BK,1918893000.0
2026-04-28,TINS,ZP,790672000.0
2026-04-28,TINS,HD,750784000.0
2026-04-28,TINS,BQ,623156000.0
2026-04-28,TINS,KK,619412000.0
2026-04-28,TINS,YP,481054000.0
2026-04-28,TINS,DR,267062000.0
2026-04-28,TINS,AI,222658000.0
2026-04-28,TINS,AG,48624000.0
2026-04-28,TINS,FS,1850000.0
2026-04-28,TINS,YU,-8975196000.0
2026-04-28,TINS,KZ,-1391737000.0
2026-04-28,TINS,XA,-1084562000.0
2026-04-28,TINS,TP,-529650000.0
2026-04-28,TINS,AK,-435956000.0
2026-04-28,TLKM,AK,62015473000.0
2026-04-28,TLKM,BK,32311479000.0
2026-04-28,TLKM,KK,1395559000.0
2026-04-28,TLKM,DR,949251000.0
2026-04-28,TLKM,RX,387010000.0
2026-04-28,TLKM,HD,341880000.0
2026-04-28,TLKM,TP,113118000.0
2026-04-28,TLKM,YP,52496000.0
2026-04-28,TLKM,AG,47637000.0
2026-04-28,TLKM,LS,21386000.0
2026-04-28,TLKM,AI,16259000.0
2026-04-28,TLKM,RB,13900000.0
2026-04-28,TLKM,FS,770000.0
2026-04-28,TLKM,ZP,-70311834000.0
2026-04-28,TLKM,YU,-44823057000.0
2026-04-28,TLKM,KZ,-10356191000.0
2026-04-28,TLKM,CP,-867211000.0
2026-04-28,TLKM,BQ,-19180000.0
2026-04-28,TLKM,XA,-16224000.0
2026-04-28,TOWR,CP,488060400.0
2026-04-28,TOWR,BK,89602600.0
2026-04-28,TOWR,TP,25619800.0
2026-04-28,TOWR,XA,20783200.0
2026-04-28,TOWR,BQ,16895200.0
2026-04-28,TOWR,ZP,1668000.0
2026-04-28,TOWR,FS,478000.0
2026-04-28,TOWR,AI,191600.0
2026-04-28,TOWR,KK,-1286041200.0
2026-04-28,TOWR,YP,-492529200.0
2026-04-28,TOWR,YU,-389452800.0
2026-04-28,TOWR,DR,-174800400.0
2026-04-28,TOWR,AK,-81335600.0
2026-04-28,TOWR,AG,-2522200.0
2026-04-28,TPIA,YP,1805515000.0
2026-04-28,TPIA,ZP,926287500.0
2026-04-28,TPIA,BQ,671605000.0
2026-04-28,TPIA,KK,665627500.0
2026-04-28,TPIA,AK,600157500.0
2026-04-28,TPIA,RX,591537500.0
2026-04-28,TPIA,CP,141422500.0
2026-04-28,TPIA,TP,25232500.0
2026-04-28,TPIA,HD,14767500.0
2026-04-28,TPIA,LS,14500000.0
2026-04-28,TPIA,XA,3327500.0
2026-04-28,TPIA,FS,2800000.0
2026-04-28,TPIA,BK,-1080662500.0
2026-04-28,TPIA,YU,-632990000.0
2026-04-28,TPIA,DR,-571600000.0
2026-04-28,TPIA,AI,-117100000.0
2026-04-28,TPIA,AG,-22072500.0
2026-04-28,UNTR,AK,14693687500.0
2026-04-28,UNTR,YP,1236205000.0
2026-04-28,UNTR,DR,988787500.0
2026-04-28,UNTR,CP,667125000.0
2026-04-28,UNTR,TP,316990000.0
2026-04-28,UNTR,KZ,167345000.0
2026-04-28,UNTR,KK,94005000.0
2026-04-28,UNTR,XA,44877500.0
2026-04-28,UNTR,RX,32852500.0
2026-04-28,UNTR,BQ,6057500.0
2026-04-28,UNTR,LS,3020000.0
2026-04-28,UNTR,RB,3012500.0
2026-04-28,UNTR,BK,-15490127500.0
2026-04-28,UNTR,YU,-8654077500.0
2026-04-28,UNTR,ZP,-6959175000.0
2026-04-28,UNTR,AG,-2241610000.0
2026-04-28,UNTR,FS,-153375000.0
2026-04-28,UNTR,HD,-122950000.0
2026-04-28,UNTR,AI,-33270000.0
2026-04-28,UNVR,YP,5178014500.0
2026-04-28,UNVR,AK,2942651500.0
2026-04-28,UNVR,ZP,2111096500.0
2026-04-28,UNVR,KK,1203376000.0
2026-04-28,UNVR,YU,858427500.0
2026-04-28,UNVR,DR,654864500.0
2026-04-28,UNVR,CP,188418000.0
2026-04-28,UNVR,AI,179834500.0
2026-04-28,UNVR,BQ,139760500.0
2026-04-28,UNVR,XA,65610500.0
2026-04-28,UNVR,LS,53667500.0
2026-04-28,UNVR,FS,43122500.0
2026-04-28,UNVR,HD,20060500.0
2026-04-28,UNVR,AG,10954500.0
2026-04-28,UNVR,BK,-25046753000.0
2026-04-28,UNVR,TP,-7353760000.0
2026-04-28,UNVR,KZ,-279946500.0
2026-04-28,UNVR,RX,-155925000.0
2026-04-28,AALI,BK,2504690000.0
2026-04-28,AALI,YU,924012500.0
2026-04-28,AALI,YP,832177500.0
2026-04-28,AALI,TP,257782500.0
2026-04-28,AALI,CP,147797500.0
2026-04-28,AALI,DR,110680000.0
2026-04-28,AALI,AI,24150000.0
2026-04-28,AALI,BQ,8215000.0
2026-04-28,AALI,AG,815000.0
2026-04-28,AALI,ZP,-3583335000.0
2026-04-28,AALI,AK,-1725140000.0
2026-04-28,AALI,KK,-228132500.0
2026-04-28,AALI,HD,-54390000.0
2026-04-28,AALI,LS,-32125000.0
2026-04-28,AALI,XA,-17712500.0
2026-04-28,AGII,KK,43904000.0
2026-04-28,AGII,CP,10677000.0
2026-04-28,AGII,TP,6994000.0
2026-04-28,AGII,FS,1540000.0
2026-04-28,AGII,BK,-132376000.0
2026-04-28,AGII,AK,-110234000.0
2026-04-28,AGII,ZP,-62595000.0
2026-04-28,AGII,YP,-5396000.0
2026-04-28,AGII,XA,-9000.0
2026-04-28,AGII,DR,-2000.0
2026-04-28,AKPI,CP,69092000.0
2026-04-28,AKPI,AK,449500.0
2026-04-28,AKPI,YP,-5900000.0
2026-04-28,AKPI,XA,-2875000.0
2026-04-28,AKPI,YU,-232000.0
2026-04-28,AKPI,DR,-221000.0
2026-04-28,ARNA,DR,348737600.0
2026-04-28,ARNA,TP,49649600.0
2026-04-28,ARNA,ZP,8458800.0
2026-04-28,ARNA,CP,4940000.0
2026-04-28,ARNA,XA,4828600.0
2026-04-28,ARNA,YU,1291600.0
2026-04-28,ARNA,GI,49600.0
2026-04-28,ARNA,YP,-160727800.0
2026-04-28,ARNA,AK,-81142200.0
2026-04-28,ARNA,BK,-49136000.0
2026-04-28,ARNA,KK,-14416200.0
2026-04-28,ARNA,HD,-1686400.0
2026-04-28,ARNA,BQ,-504000.0
2026-04-28,ARNA,KZ,-98800.0
2026-04-28,BBKP,AG,460374800.0
2026-04-28,BBKP,YP,24758400.0
2026-04-28,BBKP,XA,13369100.0
2026-04-28,BBKP,DR,644700.0
2026-04-28,BBKP,CP,-120014300.0
2026-04-28,BBKP,AK,-109268800.0
2026-04-28,BBKP,KK,-35046800.0
2026-04-28,BBKP,BQ,-17851100.0
2026-04-28,BBKP,TP,-2480000.0
2026-04-28,BBKP,BK,-2435500.0
2026-04-28,BBKP,ZP,-2058600.0
2026-04-28,BBKP,YU,-510800.0
2026-04-28,BBSS,AG,4080000.0
2026-04-28,BBSS,YP,1633500.0
2026-04-28,BBSS,DR,810000.0
2026-04-28,BBSS,BQ,-200.0
2026-04-28,BCIP,YP,182426800.0
2026-04-28,BCIP,BQ,31014900.0
2026-04-28,BCIP,ZP,13974000.0
2026-04-28,BCIP,CP,7885000.0
2026-04-28,BCIP,DR,7108100.0
2026-04-28,BCIP,KK,4085100.0
2026-04-28,BCIP,LS,1496000.0
2026-04-28,BCIP,TP,560000.0
2026-04-28,BCIP,HD,70000.0
2026-04-28,BCIP,DU,-930318700.0
2026-04-28,BCIP,FS,-67000000.0
2026-04-28,BCIP,AK,-2431500.0
2026-04-28,BCIP,AI,-2023100.0
2026-04-28,BIRD,YP,36147500.0
2026-04-28,BIRD,KK,25918000.0
2026-04-28,BIRD,TP,1137500.0
2026-04-28,BIRD,DR,177500.0
2026-04-28,BIRD,YU,-70717000.0
2026-04-28,BIRD,BK,-54855500.0
2026-04-28,BIRD,AK,-17445000.0
2026-04-28,BIRD,BQ,-162500.0
2026-04-28,BJTM,BQ,33227500.0
2026-04-28,BJTM,YU,7705000.0
2026-04-28,BJTM,HD,2587500.0
2026-04-28,BJTM,DR,1095500.0
2026-04-28,BJTM,CP,79000.0
2026-04-28,BJTM,ZP,57500.0
2026-04-28,BJTM,YP,-346527000.0
2026-04-28,BJTM,KK,-49052500.0
2026-04-28,BJTM,AK,-23105500.0
2026-04-28,BJTM,AI,-13925000.0
2026-04-28,BJTM,TP,-7695500.0
2026-04-28,BSDE,YU,1307883000.0
2026-04-28,BSDE,BK,298613500.0
2026-04-28,BSDE,HD,297522000.0
2026-04-28,BSDE,KK,82120000.0
2026-04-28,BSDE,XA,77755500.0
2026-04-28,BSDE,BQ,29756500.0
2026-04-28,BSDE,CP,27808500.0
2026-04-28,BSDE,LS,635500.0
2026-04-28,BSDE,ZP,-1345603000.0
2026-04-28,BSDE,YP,-1320278500.0
2026-04-28,BSDE,TP,-410661000.0
2026-04-28,BSDE,DR,-121129500.0
2026-04-28,BSDE,AK,-94582500.0
2026-04-28,BSDE,RX,-63520000.0
2026-04-28,BSDE,AG,-29508000.0
2026-04-28,BSDE,FS,-17315000.0
2026-04-28,BTPS,BK,283851000.0
2026-04-28,BTPS,RX,132559000.0
2026-04-28,BTPS,BQ,19695000.0
2026-04-28,BTPS,DR,11216000.0
2026-04-28,BTPS,AG,2525000.0
2026-04-28,BTPS,LS,303000.0
2026-04-28,BTPS,YP,-331116000.0
2026-04-28,BTPS,KK,-152554500.0
2026-04-28,BTPS,TP,-122680500.0
2026-04-28,BTPS,AK,-58338000.0
2026-04-28,BTPS,YU,-30300000.0
2026-04-28,BTPS,XA,-20100000.0
2026-04-28,BTPS,CP,-17571000.0
2026-04-28,BTPS,ZP,-404500.0
2026-04-28,CMRY,KZ,390390000.0
2026-04-28,CMRY,TP,41840000.0
2026-04-28,CMRY,DR,19861000.0
2026-04-28,CMRY,YU,9000000.0
2026-04-28,CMRY,BQ,1351000.0
2026-04-28,CMRY,AI,450000.0
2026-04-28,CMRY,AK,-4831167000.0
2026-04-28,CMRY,ZP,-1634194000.0
2026-04-28,CMRY,RX,-1452297000.0
2026-04-28,CMRY,BK,-911428000.0
2026-04-28,CMRY,KK,-22919000.0
2026-04-28,CMRY,YP,-11406000.0
2026-04-28,DMAS,ZP,403138500.0
2026-04-28,DMAS,YP,109238400.0
2026-04-28,DMAS,AI,23538600.0
2026-04-28,DMAS,TP,20752000.0
2026-04-28,DMAS,KK,11016000.0
2026-04-28,DMAS,YU,2710000.0
2026-04-28,DMAS,HD,1714500.0
2026-04-28,DMAS,DR,1566000.0
2026-04-28,DMAS,FS,675000.0
2026-04-28,DMAS,BK,378000.0
2026-04-28,DMAS,CP,27200.0
2026-04-28,DMAS,BQ,-13566800.0
2026-04-28,DMAS,AK,-4416100.0
2026-04-28,DMAS,XA,-1291500.0
2026-04-28,DSNG,YP,1602429500.0
2026-04-28,DSNG,BQ,1153172500.0
2026-04-28,DSNG,KK,464015500.0
2026-04-28,DSNG,XA,279460500.0
2026-04-28,DSNG,CP,235895000.0
2026-04-28,DSNG,AI,200000000.0
2026-04-28,DSNG,FS,181000000.0
2026-04-28,DSNG,HD,119330500.0
2026-04-28,DSNG,TP,87519000.0
2026-04-28,DSNG,AG,31069000.0
2026-04-28,DSNG,AK,-4968056000.0
2026-04-28,DSNG,BK,-2471931500.0
2026-04-28,DSNG,ZP,-1053847500.0
2026-04-28,DSNG,DR,-638231000.0
2026-04-28,DSNG,YU,-283986000.0
2026-04-28,DSNG,LS,-35200000.0
2026-04-28,DSSA,CP,885658500.0
2026-04-28,DSSA,YP,806159000.0
2026-04-28,DSSA,KK,652787500.0
2026-04-28,DSSA,LS,176500000.0
2026-04-28,DSSA,AI,161374000.0
2026-04-28,DSSA,BQ,83381000.0
2026-04-28,DSSA,DR,18882000.0
2026-04-28,DSSA,AG,17968000.0
2026-04-28,DSSA,HD,5852000.0
2026-04-28,DSSA,ZP,-6575120500.0
2026-04-28,DSSA,AK,-4795684500.0
2026-04-28,DSSA,TP,-2592335500.0
2026-04-28,DSSA,BK,-2049469500.0
2026-04-28,DSSA,YU,-538859500.0
2026-04-28,DSSA,XA,-16281000.0
2026-04-28,DSSA,FS,-250000.0
2026-04-28,ELSA,AK,16736834000.0
2026-04-28,ELSA,ZP,5419953500.0
2026-04-28,ELSA,AI,2783544000.0
2026-04-28,ELSA,TP,1735849500.0
2026-04-28,ELSA,BK,887944000.0
2026-04-28,ELSA,CP,536526500.0
2026-04-28,ELSA,XA,291321500.0
2026-04-28,ELSA,YP,162774000.0
2026-04-28,ELSA,LS,83930500.0
2026-04-28,ELSA,YU,-2378971000.0
2026-04-28,ELSA,AG,-2161744500.0
2026-04-28,ELSA,DR,-1732725000.0
2026-04-28,ELSA,RX,-1676012000.0
2026-04-28,ELSA,KK,-1461865500.0
2026-04-28,ELSA,BQ,-189016500.0
2026-04-28,ELSA,FS,-49305000.0
2026-04-28,ELSA,HD,-37717500.0
2026-04-28,EMTK,BK,2893532500.0
2026-04-28,EMTK,YP,1128310500.0
2026-04-28,EMTK,AI,644076000.0
2026-04-28,EMTK,KK,470839000.0
2026-04-28,EMTK,HD,256352500.0
2026-04-28,EMTK,TP,87355500.0
2026-04-28,EMTK,ZP,64951500.0
2026-04-28,EMTK,AK,-929513500.0
2026-04-28,EMTK,BQ,-702598500.0
2026-04-28,EMTK,CP,-319507500.0
2026-04-28,EMTK,DR,-313305500.0
2026-04-28,EMTK,KZ,-233292000.0
2026-04-28,EMTK,XA,-133233000.0
2026-04-28,EMTK,YU,-66168500.0
2026-04-28,EMTK,FS,-31152500.0
2026-04-28,EMTK,AG,-14825000.0
2026-04-28,ERAA,DR,1766590600.0
2026-04-28,ERAA,LS,98600000.0
2026-04-28,ERAA,AG,54700800.0
2026-04-28,ERAA,HD,45378600.0
2026-04-28,ERAA,XA,11741000.0
2026-04-28,ERAA,AK,-8282034200.0
2026-04-28,ERAA,ZP,-1948692800.0
2026-04-28,ERAA,BK,-926386800.0
2026-04-28,ERAA,KZ,-351701000.0
2026-04-28,ERAA,YU,-343020600.0
2026-04-28,ERAA,BQ,-317571400.0
2026-04-28,ERAA,KK,-300421400.0
2026-04-28,ERAA,YP,-92485400.0
2026-04-28,ERAA,CP,-7566000.0
2026-04-28,ERAA,TP,-5050800.0
2026-04-28,ERAA,AI,-60000.0
2026-04-28,FILM,BK,151816000.0
2026-04-28,FILM,DR,77281000.0
2026-04-28,FILM,KK,32493000.0
2026-04-28,FILM,TP,16287000.0
2026-04-28,FILM,YU,11270000.0
2026-04-28,FILM,BQ,2846000.0
2026-04-28,FILM,AI,1290000.0
2026-04-28,FILM,AK,-683815000.0
2026-04-28,FILM,YP,-364767000.0
2026-04-28,FILM,CP,-19007000.0
2026-04-28,FILM,ZP,-7825000.0
2026-04-28,GJTL,YP,1862140500.0
2026-04-28,GJTL,AK,1000208000.0
2026-04-28,GJTL,ZP,519650500.0
2026-04-28,GJTL,BK,302688500.0
2026-04-28,GJTL,XA,260600000.0
2026-04-28,GJTL,BQ,57840500.0
2026-04-28,GJTL,HD,2816500.0
2026-04-28,GJTL,DR,1190000.0
2026-04-28,GJTL,YU,476000.0
2026-04-28,GJTL,DU,236000.0
2026-04-28,GJTL,KK,-15655198000.0
2026-04-28,GJTL,TP,-19050000.0
2026-04-28,GJTL,CP,-19030000.0
2026-04-28,GJTL,AI,-1092500.0
2026-04-28,HEXA,AK,6119000.0
2026-04-28,HEXA,TP,1326000.0
2026-04-28,HEXA,ZP,443000.0
2026-04-28,HEXA,YP,-41091000.0
2026-04-28,HEXA,KK,-7519000.0
2026-04-28,HMSP,YP,7851898000.0
2026-04-28,HMSP,AI,2315739000.0
2026-04-28,HMSP,DR,415717500.0
2026-04-28,HMSP,CP,207509500.0
2026-04-28,HMSP,KK,121686000.0
2026-04-28,HMSP,TP,54760000.0
2026-04-28,HMSP,AG,4401500.0
2026-04-28,HMSP,ZP,-5057829000.0
2026-04-28,HMSP,AK,-4185396000.0
2026-04-28,HMSP,BK,-1605489000.0
2026-04-28,HMSP,KZ,-717919500.0
2026-04-28,HMSP,YU,-644774500.0
2026-04-28,HMSP,XA,-200309000.0
2026-04-28,HMSP,LS,-64507500.0
2026-04-28,HMSP,BQ,-12708000.0
2026-04-28,HMSP,HD,-5740000.0
2026-04-28,HMSP,FS,-1490000.0
2026-04-28,HOKI,YP,160143100.0
2026-04-28,HOKI,KK,15279200.0
2026-04-28,HOKI,CP,10324000.0
2026-04-28,HOKI,BQ,1676400.0
2026-04-28,HOKI,AK,755000.0
2026-04-28,HOKI,XA,732500.0
2026-04-28,HOKI,HD,422400.0
2026-04-28,HOKI,YU,297000.0
2026-04-28,HOKI,DR,67000.0
2026-04-28,HRTA,BK,624102000.0
2026-04-28,HRTA,AI,429085000.0
2026-04-28,HRTA,KK,360774000.0
2026-04-28,HRTA,YP,288939000.0
2026-04-28,HRTA,YU,191440000.0
2026-04-28,HRTA,CP,97378000.0
2026-04-28,HRTA,TP,58619000.0
2026-04-28,HRTA,XA,15276000.0
2026-04-28,HRTA,AK,-6081440000.0
2026-04-28,HRTA,ZP,-1148733000.0
2026-04-28,HRTA,DR,-116959000.0
2026-04-28,HRTA,BQ,-45632000.0
2026-04-28,HRTA,AG,-17484000.0
2026-04-28,HRTA,HD,-2341000.0
2026-04-28,IGAR,DR,-5258000.0
2026-04-28,IGAR,YP,-1243200.0
2026-04-28,INDY,RX,8044345000.0
2026-04-28,INDY,CP,473438000.0
2026-04-28,INDY,BK,377605000.0
2026-04-28,INDY,AI,122802000.0
2026-04-28,INDY,XA,75649000.0
2026-04-28,INDY,FS,18750000.0
2026-04-28,INDY,KK,12019000.0
2026-04-28,INDY,ZP,-2373832000.0
2026-04-28,INDY,DR,-1542432000.0
2026-04-28,INDY,AK,-1320028000.0
2026-04-28,INDY,YU,-821874000.0
2026-04-28,INDY,KZ,-740550000.0
2026-04-28,INDY,HD,-728553000.0
2026-04-28,INDY,BQ,-599459000.0
2026-04-28,INDY,YP,-362088000.0
2026-04-28,INDY,LS,-194840000.0
2026-04-28,INDY,TP,-29227000.0
2026-04-28,INDY,AG,-3926000.0
2026-04-28,INTA,CP,7900000.0
2026-04-28,INTA,YP,-3271600.0
2026-04-28,INTA,XA,-1291300.0
2026-04-28,IPOL,CP,-134482900.0
2026-04-28,IPOL,YU,-70725000.0
2026-04-28,IPOL,YP,-20639900.0
2026-04-28,IPOL,TP,-15110000.0
2026-04-28,IPOL,BQ,-12838500.0
2026-04-28,IPOL,XA,-11368500.0
2026-04-28,IPOL,DR,-4366400.0
2026-04-28,IPOL,KK,-2301100.0
2026-04-28,IPOL,AG,-596800.0
2026-04-28,ISAT,AG,4583058500.0
2026-04-28,ISAT,BK,4482123000.0
2026-04-28,ISAT,YP,1102743000.0
2026-04-28,ISAT,TP,616411500.0
2026-04-28,ISAT,KK,373626000.0
2026-04-28,ISAT,ZP,365979000.0
2026-04-28,ISAT,BQ,286021000.0
2026-04-28,ISAT,DR,145935000.0
2026-04-28,ISAT,CP,123606000.0
2026-04-28,ISAT,XA,19100000.0
2026-04-28,ISAT,HD,15125500.0
2026-04-28,ISAT,AK,-8313338500.0
2026-04-28,ISAT,YU,-3751965000.0
2026-04-28,ISAT,KZ,-474568000.0
2026-04-28,ISAT,RX,-74960000.0
2026-04-28,ISAT,AI,-4692000.0
2026-04-28,JARR,DR,38140000.0
2026-04-28,JARR,XA,12560000.0
2026-04-28,JARR,BQ,1600000.0
2026-04-28,JARR,AK,-402073000.0
2026-04-28,JARR,ZP,-164039000.0
2026-04-28,JARR,YP,-128479000.0
2026-04-28,JARR,CP,-45032000.0
2026-04-28,JARR,BK,-38193000.0
2026-04-28,JARR,KK,-4763000.0
2026-04-28,JARR,TP,-928000.0
2026-04-28,JSMR,FS,981810000.0
2026-04-28,JSMR,AK,670707000.0
2026-04-28,JSMR,YP,249765000.0
2026-04-28,JSMR,RB,81564000.0
2026-04-28,JSMR,KK,65123000.0
2026-04-28,JSMR,TP,1280000.0
2026-04-28,JSMR,HD,331000.0
2026-04-28,JSMR,YU,-500852000.0
2026-04-28,JSMR,DR,-67775000.0
2026-04-28,JSMR,ZP,-31880000.0
2026-04-28,JSMR,CP,-16536000.0
2026-04-28,JSMR,BK,-9159000.0
2026-04-28,KBLI,XA,16362600.0
2026-04-28,KBLI,YP,5430000.0
2026-04-28,KBLI,AK,2099200.0
2026-04-28,KBLI,LS,162000.0
2026-04-28,KBLI,DR,64200.0
2026-04-28,KBLI,CP,-3220000.0
2026-04-28,KIJA,ZP,4043152500.0
2026-04-28,KIJA,TP,465970200.0
2026-04-28,KIJA,DR,128202000.0
2026-04-28,KIJA,HD,8741700.0
2026-04-28,KIJA,KK,5785000.0
2026-04-28,KIJA,LS,184000.0
2026-04-28,KIJA,GI,18400.0
2026-04-28,KIJA,YP,-1057150500.0
2026-04-28,KIJA,BK,-796862200.0
2026-04-28,KIJA,AK,-263866200.0
2026-04-28,KIJA,YU,-196415600.0
2026-04-28,KIJA,CP,-130247000.0
2026-04-28,KIJA,BQ,-34138100.0
2026-04-28,KIJA,XA,-25252800.0
2026-04-28,KIJA,AG,-10888600.0
2026-04-28,LINK,YP,-731000.0
2026-04-28,LINK,CP,-367000.0
2026-04-28,LPPF,KK,214938500.0
2026-04-28,LPPF,ZP,180117000.0
2026-04-28,LPPF,DR,157903500.0
2026-04-28,LPPF,YP,136363500.0
2026-04-28,LPPF,AK,41961000.0
2026-04-28,LPPF,XA,10845500.0
2026-04-28,LPPF,TP,4359500.0
2026-04-28,LPPF,CP,4332000.0
2026-04-28,LPPF,HD,2745500.0
2026-04-28,LPPF,GI,324000.0
2026-04-28,LPPF,BQ,-156343500.0
2026-04-28,LPPF,LS,-48750000.0
2026-04-28,LPPF,BK,-35639500.0
2026-04-28,LPPF,AG,-5499000.0
2026-04-28,LPPF,YU,-2928000.0
2026-04-28,MDIA,CP,1151945000.0
2026-04-28,MDIA,BK,124081700.0
2026-04-28,MDIA,AG,70551000.0
2026-04-28,MDIA,XA,66101100.0
2026-04-28,MDIA,ZP,62051600.0
2026-04-28,MDIA,YU,49138500.0
2026-04-28,MDIA,TP,40361100.0
2026-04-28,MDIA,DR,23773200.0
2026-04-28,MDIA,YP,-2280565400.0
2026-04-28,MDIA,KK,-288757900.0
2026-04-28,MDIA,BQ,-96651500.0
2026-04-28,MDIA,HD,-19633000.0
2026-04-28,MDIA,FS,-5290000.0
2026-04-28,MDIA,AK,-3681500.0
2026-04-28,MDLN,AI,89600000.0
2026-04-28,MDLN,CP,52442300.0
2026-04-28,MDLN,YP,36587400.0
2026-04-28,MDLN,BQ,162400.0
2026-04-28,MDLN,AK,69900.0
2026-04-28,MDLN,KK,-6848800.0
2026-04-28,MKPI,AK,6610000.0
2026-04-28,MNCN,RX,2742250600.0
2026-04-28,MNCN,AK,312169600.0
2026-04-28,MNCN,BK,215327600.0
2026-04-28,MNCN,AG,174815600.0
2026-04-28,MNCN,AI,25000.0
2026-04-28,MNCN,ZP,-1410820600.0
2026-04-28,MNCN,CP,-602567200.0
2026-04-28,MNCN,BQ,-407725200.0
2026-04-28,MNCN,DR,-198224600.0
2026-04-28,MNCN,KK,-108052400.0
2026-04-28,MNCN,YP,-105144200.0
2026-04-28,MNCN,HD,-95942600.0
2026-04-28,MNCN,XA,-9386400.0
2026-04-28,MNCN,TP,-254000.0
2026-04-28,MNCN,YU,-180400.0
2026-04-28,MTEL,YP,128409500.0
2026-04-28,MTEL,AG,65751500.0
2026-04-28,MTEL,AK,45300500.0
2026-04-28,MTEL,KK,23865500.0
2026-04-28,MTEL,TP,10710000.0
2026-04-28,MTEL,LS,10100000.0
2026-04-28,MTEL,BQ,1063000.0
2026-04-28,MTEL,FS,510000.0
2026-04-28,MTEL,XA,101500.0
2026-04-28,MTEL,YU,-606500000.0
2026-04-28,MTEL,CP,-233398000.0
2026-04-28,MTEL,ZP,-170521500.0
2026-04-28,MTEL,DR,-33532000.0
2026-04-28,MTEL,HD,-909000.0
2026-04-28,MYOR,AI,4788266500.0
2026-04-28,MYOR,YP,1066882500.0
2026-04-28,MYOR,KK,79480000.0
2026-04-28,MYOR,CP,47650000.0
2026-04-28,MYOR,TP,12415000.0
2026-04-28,MYOR,FS,895000.0
2026-04-28,MYOR,XA,358000.0
2026-04-28,MYOR,YU,-5888962000.0
2026-04-28,MYOR,AK,-3106074000.0
2026-04-28,MYOR,ZP,-2246056500.0
2026-04-28,MYOR,BK,-877226500.0
2026-04-28,MYOR,RX,-607379500.0
2026-04-28,MYOR,KZ,-434438000.0
2026-04-28,MYOR,BQ,-174981000.0
2026-04-28,MYOR,DR,-32184500.0
2026-04-28,MYOR,AG,-17510000.0
2026-04-28,MYOR,HD,-11204000.0
2026-04-28,NCKL,CP,1735279500.0
2026-04-28,NCKL,LS,1186359500.0
2026-04-28,NCKL,YP,516578000.0
2026-04-28,NCKL,DR,489513000.0
2026-04-28,NCKL,AI,313371500.0
2026-04-28,NCKL,HD,307880500.0
2026-04-28,NCKL,XA,188625500.0
2026-04-28,NCKL,BQ,96862500.0
2026-04-28,NCKL,AG,8737000.0
2026-04-28,NCKL,BK,-3229774500.0
2026-04-28,NCKL,ZP,-2125215000.0
2026-04-28,NCKL,RX,-1490704000.0
2026-04-28,NCKL,AK,-641654500.0
2026-04-28,NCKL,YU,-353759500.0
2026-04-28,NCKL,TP,-48980500.0
2026-04-28,NCKL,KK,-47669500.0
2026-04-28,NIKL,TP,56600000.0
2026-04-28,NIKL,KK,21527400.0
2026-04-28,NIKL,AK,3174600.0
2026-04-28,NIKL,YU,142000.0
2026-04-28,NIKL,CP,-85000000.0
2026-04-28,NIKL,YP,-4097400.0
2026-04-28,NIKL,ZP,-2860000.0
2026-04-28,PNBN,YP,140339500.0
2026-04-28,PNBN,CP,135422500.0
2026-04-28,PNBN,RX,129886000.0
2026-04-28,PNBN,AK,54022000.0
2026-04-28,PNBN,TP,48456000.0
2026-04-28,PNBN,LS,20303000.0
2026-04-28,PNBN,BK,12322000.0
2026-04-28,PNBN,KK,6005000.0
2026-04-28,PNBN,FS,150000.0
2026-04-28,PNBN,AG,-1735516000.0
2026-04-28,PNBN,YU,-602237500.0
2026-04-28,PNBN,AI,-161600000.0
2026-04-28,PNBN,BQ,-70700000.0
2026-04-28,PNBN,ZP,-43437000.0
2026-04-28,PNBN,DR,-39945000.0
2026-04-28,PNBN,HD,-1098500.0
2026-04-28,PNBN,XA,-300000.0
2026-04-28,PTBA,BK,2694082000.0
2026-04-28,PTBA,KZ,1102708000.0
2026-04-28,PTBA,KK,840064000.0
2026-04-28,PTBA,DR,819242000.0
2026-04-28,PTBA,CP,268379000.0
2026-04-28,PTBA,YU,231451000.0
2026-04-28,PTBA,TP,17563000.0
2026-04-28,PTBA,XA,8943000.0
2026-04-28,PTBA,LS,3189000.0
2026-04-28,PTBA,AK,-5250355000.0
2026-04-28,PTBA,ZP,-4635202000.0
2026-04-28,PTBA,YP,-2140425000.0
2026-04-28,PTBA,AG,-782888000.0
2026-04-28,PTBA,BQ,-64468000.0
2026-04-28,PTBA,AI,-4906000.0
2026-04-28,PTPP,DR,52638800.0
2026-04-28,PTPP,LS,51234400.0
2026-04-28,PTPP,BQ,38345000.0
2026-04-28,PTPP,YU,18288000.0
2026-04-28,PTPP,HD,2352000.0
2026-04-28,PTPP,YP,-103887800.0
2026-04-28,PTPP,ZP,-55400200.0
2026-04-28,PTPP,AK,-48823800.0
2026-04-28,PTPP,BK,-47839200.0
2026-04-28,PTPP,KK,-46521400.0
2026-04-28,PTPP,CP,-17082200.0
2026-04-28,PTPP,AG,-13954200.0
2026-04-28,PTPP,XA,-49600.0
2026-04-28,PTRO,KZ,37378752500.0
2026-04-28,PTRO,BK,31900705000.0
2026-04-28,PTRO,AK,27884717500.0
2026-04-28,PTRO,YP,15946737500.0
2026-04-28,PTRO,DP,13609657500.0
2026-04-28,PTRO,ZP,11919867500.0
2026-04-28,PTRO,CP,1973130000.0
2026-04-28,PTRO,LS,1363335000.0
2026-04-28,PTRO,HD,1337647500.0
2026-04-28,PTRO,BQ,1254152500.0
2026-04-28,PTRO,TP,-166811442500.0
2026-04-28,PTRO,DR,-4377315000.0
2026-04-28,PTRO,XA,-3643032500.0
2026-04-28,PTRO,YU,-3068995000.0
2026-04-28,PTRO,AI,-1565447500.0
2026-04-28,PTRO,FS,-1144650000.0
2026-04-28,PTRO,KK,-495952500.0
2026-04-28,PTRO,AG,-39937500.0
2026-04-28,PTRO,DU,-12307500.0
2026-04-28,PWON,YP,907210000.0
2026-04-28,PWON,KK,854226400.0
2026-04-28,PWON,KZ,410776200.0
2026-04-28,PWON,BQ,246495800.0
2026-04-28,PWON,CP,211597800.0
2026-04-28,PWON,AI,166280000.0
2026-04-28,PWON,DR,107801600.0
2026-04-28,PWON,ZP,91026600.0
2026-04-28,PWON,TP,38671400.0
2026-04-28,PWON,AG,6580000.0
2026-04-28,PWON,XA,4684800.0
2026-04-28,PWON,HD,3042000.0
2026-04-28,PWON,LS,1984000.0
2026-04-28,PWON,AK,-2831811400.0
2026-04-28,PWON,YU,-1415415400.0
2026-04-28,PWON,RX,-166758400.0
2026-04-28,PWON,FS,-2572000.0
2026-04-28,RALS,KK,382681600.0
2026-04-28,RALS,DR,9105600.0
2026-04-28,RALS,BQ,1343000.0
2026-04-28,RALS,YP,-141537000.0
2026-04-28,RALS,AK,-127114600.0
2026-04-28,RALS,TP,-123225800.0
2026-04-28,RALS,HD,-1687200.0
2026-04-28,RALS,ZP,-976800.0
2026-04-28,RALS,BK,-89600.0
2026-04-28,RALS,YU,-88600.0
2026-04-28,SCMA,ZP,999884400.0
2026-04-28,SCMA,YP,336156400.0
2026-04-28,SCMA,BQ,104618400.0
2026-04-28,SCMA,FS,25600.0
2026-04-28,SCMA,AK,-467844600.0
2026-04-28,SCMA,BK,-254511800.0
2026-04-28,SCMA,DR,-210682600.0
2026-04-28,SCMA,YU,-179482800.0
2026-04-28,SCMA,XA,-143071800.0
2026-04-28,SCMA,CP,-135272800.0
2026-04-28,SCMA,KK,-106841000.0
2026-04-28,SCMA,AG,-52414600.0
2026-04-28,SCMA,TP,-12414400.0
2026-04-28,SCMA,AI,-10301400.0
2026-04-28,SCMA,HD,-1454800.0
2026-04-28,SIDO,ZP,149546000.0
2026-04-28,SIDO,TP,3770000.0
2026-04-28,SIDO,DR,2741600.0
2026-04-28,SIDO,AG,297600.0
2026-04-28,SIDO,CP,49800.0
2026-04-28,SIDO,AI,49600.0
2026-04-28,SIDO,BK,-292028000.0
2026-04-28,SIDO,YP,-273325000.0
2026-04-28,SIDO,KK,-98674200.0
2026-04-28,SIDO,YU,-22265400.0
2026-04-28,SIDO,AK,-14940200.0
2026-04-28,SIDO,HD,-5654400.0
2026-04-28,SIDO,BQ,-4174200.0
2026-04-28,SILO,YU,25315000.0
2026-04-28,SILO,ZP,11747000.0
2026-04-28,SILO,YP,3377000.0
2026-04-28,SILO,AK,-58698000.0
2026-04-28,SILO,KZ,-31250000.0
2026-04-28,SILO,KK,-25650000.0
2026-04-28,SILO,BK,-2520000.0
2026-04-28,SILO,BQ,-761000.0
2026-04-28,SILO,HD,-2000.0
2026-04-28,SMRA,YP,1002631400.0
2026-04-28,SMRA,AK,182656400.0
2026-04-28,SMRA,CP,112484000.0
2026-04-28,SMRA,ZP,105354000.0
2026-04-28,SMRA,RX,98131200.0
2026-04-28,SMRA,BQ,64772600.0
2026-04-28,SMRA,KK,60259400.0
2026-04-28,SMRA,TP,24319600.0
2026-04-28,SMRA,AI,6059200.0
2026-04-28,SMRA,HD,4895800.0
2026-04-28,SMRA,KZ,-3295175400.0
2026-04-28,SMRA,YU,-57719600.0
2026-04-28,SMRA,DR,-12241800.0
2026-04-28,SMRA,BK,-7607600.0
2026-04-28,SRTG,YU,4140171000.0
2026-04-28,SRTG,YP,2195012000.0
2026-04-28,SRTG,ZP,1301995500.0
2026-04-28,SRTG,KK,387213500.0
2026-04-28,SRTG,CP,106123500.0
2026-04-28,SRTG,BK,51013000.0
2026-04-28,SRTG,XA,10017000.0
2026-04-28,SRTG,AK,-3134312000.0
2026-04-28,SRTG,BQ,-885345500.0
2026-04-28,SRTG,DR,-231459500.0
2026-04-28,SRTG,TP,-174248000.0
2026-04-28,SRTG,HD,-168338000.0
2026-04-28,SRTG,LS,-111767500.0
2026-04-28,SRTG,AI,-27630000.0
2026-04-28,SRTG,AG,-1140000.0
2026-04-28,SRTG,FS,-925000.0
2026-04-28,SSMS,XA,1330995000.0
2026-04-28,SSMS,DR,119447500.0
2026-04-28,SSMS,BK,53303000.0
2026-04-28,SSMS,AI,43636000.0
2026-04-28,SSMS,YP,36146500.0
2026-04-28,SSMS,TP,21963500.0
2026-04-28,SSMS,CP,7595000.0
2026-04-28,SSMS,KK,4401000.0
2026-04-28,SSMS,DU,1950000.0
2026-04-28,SSMS,LS,842500.0
2026-04-28,SSMS,BQ,-1387217500.0
2026-04-28,SSMS,AK,-586529000.0
2026-04-28,SSMS,ZP,-161307500.0
2026-04-28,SSMS,AG,-4227500.0
2026-04-28,SSMS,HD,-1285500.0
2026-04-28,TKIM,YP,939307500.0
2026-04-28,TKIM,KK,214855000.0
2026-04-28,TKIM,DR,110937500.0
2026-04-28,TKIM,YU,98700000.0
2026-04-28,TKIM,BQ,27220000.0
2026-04-28,TKIM,XA,6032500.0
2026-04-28,TKIM,LS,1725000.0
2026-04-28,TKIM,ZP,-1126972500.0
2026-04-28,TKIM,AK,-480910000.0
2026-04-28,TKIM,CP,-125192500.0
2026-04-28,TKIM,BK,-14112500.0
2026-04-28,TKIM,HD,-1750000.0
2026-04-28,TOTL,DR,423866000.0
2026-04-28,TOTL,AK,302505500.0
2026-04-28,TOTL,ZP,151397500.0
2026-04-28,TOTL,CP,73220000.0
2026-04-28,TOTL,KK,45681500.0
2026-04-28,TOTL,HD,843000.0
2026-04-28,TOTL,XA,580000.0
2026-04-28,TOTL,RX,-1062206000.0
2026-04-28,TOTL,YP,-116921000.0
2026-04-28,TOTL,BK,-35899000.0
2026-04-28,TOTL,TP,-14422500.0
2026-04-28,TOTL,BQ,-13812500.0
2026-04-28,TOTL,LS,-95000.0
2026-04-28,TSPC,KK,431270000.0
2026-04-28,TSPC,TP,121776000.0
2026-04-28,TSPC,BK,59002000.0
2026-04-28,TSPC,XA,4702000.0
2026-04-28,TSPC,CP,2900000.0
2026-04-28,TSPC,AK,-2277788000.0
2026-04-28,TSPC,YP,-985495000.0
2026-04-28,TSPC,DR,-24353000.0
2026-04-28,TSPC,ZP,-19188000.0
2026-04-28,TSPC,LS,-2460000.0
2026-04-28,WSBP,KK,1562400.0
2026-04-28,WSBP,CP,138600.0
2026-04-28,WSBP,DR,135000.0
2026-04-28,WSBP,XA,-72000000.0
2026-04-28,WSBP,YP,-49501800.0
2026-04-28,WSBP,FS,-45000.0
2026-04-28,WSBP,ZP,-1800.0
2026-04-28,WTON,DR,201332000.0
2026-04-28,WTON,ZP,118200000.0
2026-04-28,WTON,YP,22141000.0
2026-04-28,WTON,XA,20962700.0
2026-04-28,WTON,BQ,16356400.0
2026-04-28,WTON,TP,7460500.0
2026-04-28,WTON,HD,4075900.0
2026-04-28,WTON,LS,2470000.0
2026-04-28,WTON,YU,1869000.0
2026-04-28,WTON,CP,-153321500.0
2026-04-28,WTON,FS,-82748000.0
2026-04-28,WTON,KK,-23576400.0
2026-04-28,WTON,AI,-2290800.0
2026-04-28,AADI,BQ,4274170000.0
2026-04-28,AADI,AK,2081105000.0
2026-04-28,AADI,CP,777657500.0
2026-04-28,AADI,AI,409937500.0
2026-04-28,AADI,KK,357902500.0
2026-04-28,AADI,YU,113950000.0
2026-04-28,AADI,TP,6570000.0
2026-04-28,AADI,RB,15000.0
2026-04-28,AADI,BK,-8498325000.0
2026-04-28,AADI,YP,-7221620000.0
2026-04-28,AADI,AG,-6585742500.0
2026-04-28,AADI,DR,-3186327500.0
2026-04-28,AADI,ZP,-2356955000.0
2026-04-28,AADI,KZ,-560720000.0
2026-04-28,AADI,XA,-294025000.0
2026-04-28,AADI,HD,-138135000.0
2026-04-28,AADI,DU,-5587500.0
2026-04-28,AADI,LS,-625000.0
2026-04-28,ADMR,TP,4373614500.0
2026-04-28,ADMR,LS,561599000.0
2026-04-28,ADMR,KK,271029500.0
2026-04-28,ADMR,DR,143386500.0
2026-04-28,ADMR,YP,78811500.0
2026-04-28,ADMR,BQ,39558500.0
2026-04-28,ADMR,AK,-6203494000.0
2026-04-28,ADMR,ZP,-4684380000.0
2026-04-28,ADMR,KZ,-1839312000.0
2026-04-28,ADMR,BK,-1509027000.0
2026-04-28,ADMR,CP,-534275500.0
2026-04-28,ADMR,HD,-152392000.0
2026-04-28,ADMR,AG,-121392500.0
2026-04-28,ADMR,FS,-94000000.0
2026-04-28,ADMR,XA,-82857500.0
2026-04-28,ADMR,AI,-40042000.0
2026-04-28,ADMR,YU,-14296500.0
2026-04-28,BREN,BK,3611596000.0
2026-04-28,BREN,YP,1043454000.0
2026-04-28,BREN,KK,410431000.0
2026-04-28,BREN,LS,204112000.0
2026-04-28,BREN,DR,98184000.0
2026-04-28,BREN,CP,53351000.0
2026-04-28,BREN,HD,47171000.0
2026-04-28,BREN,TP,45140000.0
2026-04-28,BREN,AG,4098000.0
2026-04-28,BREN,ZP,-10706176000.0
2026-04-28,BREN,AK,-4749610000.0
2026-04-28,BREN,YU,-1433528000.0
2026-04-28,BREN,XA,-983857000.0
2026-04-28,BREN,BQ,-50518000.0
2026-04-28,BREN,FS,-48653000.0
2026-04-28,BREN,AI,-11720000.0
2026-04-28,BRIS,AK,5283586000.0
2026-04-28,BRIS,YP,1689154500.0
2026-04-28,BRIS,YU,1430704500.0
2026-04-28,BRIS,BK,1195381000.0
2026-04-28,BRIS,CP,879914500.0
2026-04-28,BRIS,BQ,423256000.0
2026-04-28,BRIS,KK,365755000.0
2026-04-28,BRIS,DR,334797500.0
2026-04-28,BRIS,TP,133124500.0
2026-04-28,BRIS,AI,52586000.0
2026-04-28,BRIS,LS,46457500.0
2026-04-28,BRIS,FS,2690000.0
2026-04-28,BRIS,ZP,-17931142500.0
2026-04-28,BRIS,KZ,-2596312500.0
2026-04-28,BRIS,XA,-22202500.0
2026-04-28,BRIS,HD,-17250000.0
2026-04-28,BRIS,AG,-3213500.0
2026-04-28,CUAN,AK,218177492000.0
2026-04-28,CUAN,TP,77740678500.0
2026-04-28,CUAN,YP,2926694500.0
2026-04-28,CUAN,KK,1445019000.0
2026-04-28,CUAN,HD,1221957000.0
2026-04-28,CUAN,DR,781289000.0
2026-04-28,CUAN,XA,702120500.0
2026-04-28,CUAN,CP,515770000.0
2026-04-28,CUAN,BQ,237894500.0
2026-04-28,CUAN,AI,79593000.0
2026-04-28,CUAN,AG,8204500.0
2026-04-28,CUAN,YU,-395962029000.0
2026-04-28,CUAN,ZP,-1537369500.0
2026-04-28,CUAN,BK,-1311562000.0
2026-04-28,CUAN,RB,-766500.0
2026-04-28,DEWA,ZP,12800158500.0
2026-04-28,DEWA,CP,3811149300.0
2026-04-28,DEWA,YP,2074568000.0
2026-04-28,DEWA,AI,1843600500.0
2026-04-28,DEWA,XA,430653900.0
2026-04-28,DEWA,TP,398438700.0
2026-04-28,DEWA,KK,349460000.0
2026-04-28,DEWA,AG,273663500.0
2026-04-28,DEWA,YU,2698000.0
2026-04-28,DEWA,RB,1755000.0
2026-04-28,DEWA,BQ,491400.0
2026-04-28,DEWA,AK,-14875732000.0
2026-04-28,DEWA,KZ,-1294218500.0
2026-04-28,DEWA,LS,-796641900.0
2026-04-28,DEWA,BK,-523627700.0
2026-04-28,DEWA,DR,-220678000.0
2026-04-28,DEWA,HD,-22060000.0
2026-04-28,DEWA,FS,-7238200.0
2026-04-28,PANI,AK,2606807500.0
2026-04-28,PANI,CP,585007500.0
2026-04-28,PANI,HD,253197500.0
2026-04-28,PANI,BK,149432500.0
2026-04-28,PANI,TP,67967500.0
2026-04-28,PANI,BQ,19930000.0
2026-04-28,PANI,LS,5080000.0
2026-04-28,PANI,XA,1675000.0
2026-04-28,PANI,AI,615000.0
2026-04-28,PANI,AG,-735172500.0
2026-04-28,PANI,ZP,-475550000.0
2026-04-28,PANI,YU,-321835000.0
2026-04-28,PANI,YP,-206492500.0
2026-04-28,PANI,KK,-187675000.0
2026-04-28,PANI,DR,-37767500.0
2026-04-28,PANI,FS,-100000.0
2026-04-28,PSAB,YU,2725105500.0
2026-04-28,PSAB,AI,999158500.0
2026-04-28,PSAB,CP,522384500.0
2026-04-28,PSAB,TP,267253500.0
2026-04-28,PSAB,BQ,148296500.0
2026-04-28,PSAB,HD,118752000.0
2026-04-28,PSAB,XA,27841500.0
2026-04-28,PSAB,AK,-1974844000.0
2026-04-28,PSAB,YP,-946696000.0
2026-04-28,PSAB,ZP,-458639500.0
2026-04-28,PSAB,BK,-291491500.0
2026-04-28,PSAB,AG,-123551000.0
2026-04-28,PSAB,KK,-83009000.0
2026-04-28,PSAB,DR,-27593000.0
2026-04-28,PSAB,LS,-657500.0
2026-04-28,RAJA,YP,8116113000.0
2026-04-28,RAJA,CP,2827420000.0
2026-04-28,RAJA,AK,2632371000.0
2026-04-28,RAJA,BQ,1153113000.0
2026-04-28,RAJA,ZP,260817000.0
2026-04-28,RAJA,YU,185319000.0
2026-04-28,RAJA,HD,51488000.0
2026-04-28,RAJA,LS,45872000.0
2026-04-28,RAJA,AG,34925000.0
2026-04-28,RAJA,TP,16922000.0
2026-04-28,RAJA,AI,14001000.0
2026-04-28,RAJA,DU,4841000.0
2026-04-28,RAJA,DR,-14010158000.0
2026-04-28,RAJA,BK,-2979171000.0
2026-04-28,RAJA,XA,-1394865000.0
2026-04-28,RAJA,KK,-637866000.0
2026-04-28,RAJA,FS,-8700000.0
2026-04-28,RAJA,RB,-1100000.0
2026-04-28,RATU,ZP,34246375000.0
2026-04-28,RATU,AG,1996612500.0
2026-04-28,RATU,KK,1629852500.0
2026-04-28,RATU,TP,1454422500.0
2026-04-28,RATU,BK,521152500.0
2026-04-28,RATU,AI,147745000.0
2026-04-28,RATU,RB,95000.0
2026-04-28,RATU,YU,-16575085000.0
2026-04-28,RATU,AK,-9948130000.0
2026-04-28,RATU,YP,-1948332500.0
2026-04-28,RATU,BQ,-314125000.0
2026-04-28,RATU,CP,-185120000.0
2026-04-28,RATU,DR,-184100000.0
2026-04-28,RATU,HD,-43295000.0
2026-04-28,RATU,FS,-11780000.0
2026-04-28,RATU,XA,-3730000.0
2026-04-28,RATU,LS,-500000.0
2026-04-28,WIFI,YP,1593848000.0
2026-04-28,WIFI,BK,256277000.0
2026-04-28,WIFI,TP,105506000.0
2026-04-28,WIFI,KK,56424000.0
2026-04-28,WIFI,BQ,51290000.0
2026-04-28,WIFI,ZP,9636000.0
2026-04-28,WIFI,AG,8472000.0
2026-04-28,WIFI,FS,228000.0
2026-04-28,WIFI,HD,125000.0
2026-04-28,WIFI,AK,-1001348000.0
2026-04-28,WIFI,DR,-802533000.0
2026-04-28,WIFI,XA,-516286000.0
2026-04-28,WIFI,CP,-284002000.0
2026-04-28,WIFI,YU,-222795000.0
2026-04-28,WIFI,AI,-2137000.0
2026-04-28,ADHI,CP,23091500.0
2026-04-28,ADHI,ZP,18290500.0
2026-04-28,ADHI,BQ,2215100.0
2026-04-28,ADHI,FS,1820000.0
2026-04-28,ADHI,HD,1257900.0
2026-04-28,ADHI,XA,5000.0
2026-04-28,ADHI,YP,-72998100.0
2026-04-28,ADHI,KK,-30496000.0
2026-04-28,ADHI,AG,-29360600.0
2026-04-28,ADHI,YU,-10920700.0
2026-04-28,ADHI,BK,-8994000.0
2026-04-28,ADHI,TP,-8784000.0
2026-04-28,ADHI,AK,-6068300.0
2026-04-28,ADHI,DR,-2188800.0
2026-04-28,AGRO,KK,78634300.0
2026-04-28,AGRO,BK,622000.0
2026-04-28,AGRO,YP,-109700400.0
2026-04-28,AGRO,AK,-82635800.0
2026-04-28,AGRO,DR,-29331900.0
2026-04-28,AGRO,CP,-19002000.0
2026-04-28,AGRO,ZP,-3740000.0
2026-04-28,AGRO,HD,-3329400.0
2026-04-28,AGRO,LS,-1880000.0
2026-04-28,AGRO,XA,-896600.0
2026-04-28,AGRO,BQ,-129600.0
2026-04-28,AGRO,AG,-75400.0
2026-04-28,AMAN,ZP,163264400.0
2026-04-28,AMAN,CP,24634800.0
2026-04-28,AMAN,BQ,6475200.0
2026-04-28,AMAN,KK,6098400.0
2026-04-28,AMAN,FS,316800.0
2026-04-28,AMAN,XA,119400.0
2026-04-28,AMAN,TP,-125883200.0
2026-04-28,AMAN,AK,-62008400.0
2026-04-28,AMAN,YP,-54738800.0
2026-04-28,AMAN,HD,-1175400.0
2026-04-28,AMAN,YU,-399000.0
2026-04-28,ARGO,CP,52487000.0
2026-04-28,ARGO,KK,452000.0
2026-04-28,ARGO,YU,228000.0
2026-04-28,ARGO,FS,-2380000.0
2026-04-28,ARGO,YP,-1273000.0
2026-04-28,ARTO,AG,330473500.0
2026-04-28,ARTO,RX,268620000.0
2026-04-28,ARTO,AK,157959500.0
2026-04-28,ARTO,BQ,10882500.0
2026-04-28,ARTO,HD,10097500.0
2026-04-28,ARTO,LS,5742000.0
2026-04-28,ARTO,YU,-441795000.0
2026-04-28,ARTO,YP,-262903500.0
2026-04-28,ARTO,KK,-81250500.0
2026-04-28,ARTO,DR,-59412000.0
2026-04-28,ARTO,CP,-6575000.0
2026-04-28,ARTO,ZP,-6237500.0
2026-04-28,ARTO,TP,-1312500.0
2026-04-28,ARTO,FS,-660000.0
2026-04-28,ASSA,YP,177365000.0
2026-04-28,ASSA,DR,83575000.0
2026-04-28,ASSA,HD,18990000.0
2026-04-28,ASSA,BQ,4477500.0
2026-04-28,ASSA,XA,3806000.0
2026-04-28,ASSA,FS,1317500.0
2026-04-28,ASSA,KK,-1117072500.0
2026-04-28,ASSA,ZP,-910224000.0
2026-04-28,ASSA,YU,-656859500.0
2026-04-28,ASSA,BK,-109182000.0
2026-04-28,ASSA,AG,-105301000.0
2026-04-28,ASSA,AK,-104412000.0
2026-04-28,ASSA,TP,-67260500.0
2026-04-28,ASSA,CP,-9725000.0
2026-04-28,AVIA,BK,68162800.0
2026-04-28,AVIA,YU,18014000.0
2026-04-28,AVIA,TP,1881600.0
2026-04-28,AVIA,DR,1659800.0
2026-04-28,AVIA,LS,421200.0
2026-04-28,AVIA,GI,307200.0
2026-04-28,AVIA,ZP,-2852634400.0
2026-04-28,AVIA,AK,-251551400.0
2026-04-28,AVIA,RX,-240801200.0
2026-04-28,AVIA,YP,-68119800.0
2026-04-28,AVIA,KK,-48505800.0
2026-04-28,AVIA,HD,-7027600.0
2026-04-28,AVIA,BQ,-6840400.0
2026-04-28,AVIA,AI,-576000.0
2026-04-28,BNBA,YP,16168000.0
2026-04-28,BNBA,TP,11950000.0
2026-04-28,BNBA,FS,4025000.0
2026-04-28,BNBA,KK,-24952500.0
2026-04-28,BNBA,CP,-16812500.0
2026-04-28,BNBA,YU,-79000.0
2026-04-28,DOID,TP,59817400.0
2026-04-28,DOID,AK,33399200.0
2026-04-28,DOID,YP,25523000.0
2026-04-28,DOID,CP,14349400.0
2026-04-28,DOID,DR,10549600.0
2026-04-28,DOID,ZP,2956000.0
2026-04-28,DOID,FS,496000.0
2026-04-28,DOID,AI,98600.0
2026-04-28,DOID,KK,-115533400.0
2026-04-28,DOID,YU,-111133200.0
2026-04-28,DOID,BQ,-31971200.0
2026-04-28,DOID,BK,-1249000.0
2026-04-28,DOID,HD,-10800.0
2026-04-28,ENRG,XA,7691262500.0
2026-04-28,ENRG,YU,3543568000.0
2026-04-28,ENRG,KZ,3187625000.0
2026-04-28,ENRG,AK,498886000.0
2026-04-28,ENRG,HD,341523000.0
2026-04-28,ENRG,TP,65387000.0
2026-04-28,ENRG,LS,28212500.0
2026-04-28,ENRG,KK,-3023450000.0
2026-04-28,ENRG,CP,-1817883000.0
2026-04-28,ENRG,ZP,-1736737000.0
2026-04-28,ENRG,AI,-1686362000.0
2026-04-28,ENRG,YP,-1402361000.0
2026-04-28,ENRG,AG,-947120500.0
2026-04-28,ENRG,BQ,-852674000.0
2026-04-28,ENRG,DR,-589145000.0
2026-04-28,ENRG,BK,-424015000.0
2026-04-28,ENRG,FS,-45373500.0
2026-04-28,ENRG,DU,-1575000.0
2026-04-28,IMAS,KK,13020500.0
2026-04-28,IMAS,YU,7633500.0
2026-04-28,IMAS,DR,2614500.0
2026-04-28,IMAS,YP,-13530000.0
2026-04-28,IMAS,BQ,-8965500.0
2026-04-28,IMAS,AK,-1720000.0
2026-04-28,IMAS,AG,-639500.0
2026-04-28,IMAS,HD,-226000.0
2026-04-28,KRAS,AG,274538800.0
2026-04-28,KRAS,CP,48646200.0
2026-04-28,KRAS,KK,28959600.0
2026-04-28,KRAS,XA,26269200.0
2026-04-28,KRAS,DR,15538600.0
2026-04-28,KRAS,AI,770000.0
2026-04-28,KRAS,AK,-349035000.0
2026-04-28,KRAS,ZP,-236024000.0
2026-04-28,KRAS,TP,-148893800.0
2026-04-28,KRAS,YP,-86525800.0
2026-04-28,KRAS,BQ,-4348800.0
2026-04-28,KRAS,BK,-3830400.0
2026-04-28,KRAS,YU,-2368000.0
2026-04-28,POWR,YP,980029000.0
2026-04-28,POWR,YU,97353500.0
2026-04-28,POWR,TP,3087000.0
2026-04-28,POWR,KK,369000.0
2026-04-28,POWR,AG,367500.0
2026-04-28,POWR,DR,73500.0
2026-04-28,POWR,ZP,-311878000.0
2026-04-28,POWR,AK,-279834000.0
2026-04-28,POWR,BK,-190604500.0
2026-04-28,POWR,BQ,-808500.0
2026-04-28,POWR,CP,-201500.0
2026-04-28,SMBR,YP,42606600.0
2026-04-28,SMBR,DR,11190000.0
2026-04-28,SMBR,XA,7840000.0
2026-04-28,SMBR,ZP,1871400.0
2026-04-28,SMBR,HD,949800.0
2026-04-28,SMBR,FS,448000.0
2026-04-28,SMBR,TP,448000.0
2026-04-28,SMBR,LS,339000.0
2026-04-28,SMBR,BQ,44800.0
2026-04-28,SMBR,CP,-100726400.0
2026-04-28,SMBR,KK,-39873800.0
2026-04-28,SMBR,AG,-1029600.0
2026-04-28,SMBR,AK,-45200.0
2026-04-28,SMDR,KK,497026600.0
2026-04-28,SMDR,YU,366880400.0
2026-04-28,SMDR,DR,37519200.0
2026-04-28,SMDR,CP,37216000.0
2026-04-28,SMDR,YP,29666400.0
2026-04-28,SMDR,BQ,7340400.0
2026-04-28,SMDR,XA,5355000.0
2026-04-28,SMDR,LS,3420000.0
2026-04-28,SMDR,ZP,1192000.0
2026-04-28,SMDR,AK,1027800.0
2026-04-28,SMDR,HD,-5779800.0
2026-04-28,SMDR,BK,-103200.0
2026-04-28,WIIM,RX,505892500.0
2026-04-28,WIIM,ZP,483671500.0
2026-04-28,WIIM,BK,270972500.0
2026-04-28,WIIM,DR,77462000.0
2026-04-28,WIIM,AG,58956500.0
2026-04-28,WIIM,LS,4538000.0
2026-04-28,WIIM,HD,3928500.0
2026-04-28,WIIM,XA,2444000.0
2026-04-28,WIIM,AK,-980630000.0
2026-04-28,WIIM,TP,-579021000.0
2026-04-28,WIIM,YP,-324454500.0
2026-04-28,WIIM,KK,-46827000.0
2026-04-28,WIIM,BQ,-39570500.0
2026-04-28,WIIM,CP,-17612000.0
2026-04-28,WIIM,YU,-3292000.0
2026-04-28,WIIM,AI,-368000.0
2026-04-28,INET,AK,2786383200.0
2026-04-28,INET,YP,1249323600.0
2026-04-28,INET,YU,243458800.0
2026-04-28,INET,BQ,161894600.0
2026-04-28,INET,ZP,91495800.0
2026-04-28,INET,AG,24796000.0
2026-04-28,INET,FS,9374000.0
2026-04-28,INET,HD,100000.0
2026-04-28,INET,GI,31000.0
2026-04-28,INET,CP,-2089196600.0
2026-04-28,INET,XA,-1416739000.0
2026-04-28,INET,KK,-414300000.0
2026-04-28,INET,BK,-184043800.0
2026-04-28,INET,DR,-93173600.0
2026-04-28,INET,AI,-53814400.0
2026-04-28,INET,TP,-27889800.0
